-- phpMyAdmin SQL Dump
-- version 5.0.2
-- https://www.phpmyadmin.net/
--
-- Host: 127.0.0.1
-- Generation Time: Jul 25, 2020 at 10:30 PM
-- Server version: 10.4.13-MariaDB
-- PHP Version: 7.4.7

SET SQL_MODE = "NO_AUTO_VALUE_ON_ZERO";
START TRANSACTION;
SET time_zone = "+00:00";


/*!40101 SET @OLD_CHARACTER_SET_CLIENT=@@CHARACTER_SET_CLIENT */;
/*!40101 SET @OLD_CHARACTER_SET_RESULTS=@@CHARACTER_SET_RESULTS */;
/*!40101 SET @OLD_COLLATION_CONNECTION=@@COLLATION_CONNECTION */;
/*!40101 SET NAMES utf8mb4 */;

--
-- Database: `movies`
--

-- --------------------------------------------------------

--
-- Table structure for table `genre`
--

CREATE TABLE `genre` (
  `genre_id` int(10) NOT NULL,
  `genre_name` varchar(100) DEFAULT NULL
) ENGINE=InnoDB DEFAULT CHARSET=utf8;

--
-- Dumping data for table `genre`
--

INSERT INTO `genre` (`genre_id`, `genre_name`) VALUES
(12, 'Adventure'),
(14, 'Fantasy'),
(16, 'Animation'),
(18, 'Drama'),
(27, 'Horror'),
(28, 'Action'),
(35, 'Comedy'),
(36, 'History'),
(37, 'Western'),
(53, 'Thriller'),
(80, 'Crime'),
(99, 'Documentary'),
(878, 'Science Fiction'),
(9648, 'Mystery'),
(10402, 'Music'),
(10749, 'Romance'),
(10751, 'Family'),
(10752, 'War'),
(10769, 'Foreign'),
(10770, 'TV Movie');

-- --------------------------------------------------------

--
-- Table structure for table `movie`
--

CREATE TABLE `movie` (
  `movie_id` int(10) NOT NULL,
  `title` varchar(1000) DEFAULT NULL,
  `budget` int(10) DEFAULT NULL,
  `homepage` varchar(1000) DEFAULT NULL,
  `overview` varchar(1000) DEFAULT NULL,
  `popularity` decimal(12,6) DEFAULT NULL,
  `release_date` date DEFAULT NULL,
  `revenue` bigint(20) DEFAULT NULL,
  `runtime` int(5) DEFAULT NULL,
  `movie_status` varchar(50) DEFAULT NULL,
  `tagline` varchar(1000) DEFAULT NULL,
  `vote_average` decimal(4,2) DEFAULT NULL,
  `vote_count` int(10) DEFAULT NULL
) ENGINE=InnoDB DEFAULT CHARSET=utf8;

--
-- Dumping data for table `movie`
--

INSERT INTO `movie` (`movie_id`, `title`, `budget`, `homepage`, `overview`, `popularity`, `release_date`, `revenue`, `runtime`, `movie_status`, `tagline`, `vote_average`, `vote_count`) VALUES
(5, 'Four Rooms', 4000000, 'http://www.doesnothaveahomepage.com', 'It\'s Ted the Bellhop\'s first night on the job...and the hotel\'s very unusual guests are about to place him in some outrageous predicaments. It seems that this evening\'s room service is serving up one unbelievable happening after another.', '22.876230', '1995-12-09', 4300000, 98, 'Released', 'Twelve outrageous guests. Four scandalous requests. And one lone bellhop, in his first day on the job, who\'s in for the wildest New year\'s Eve of his life.', '6.50', 600),
(11, 'Star Wars', 11000000, 'http://www.starwars.com/films/star-wars-episode-iv-a-new-hope', 'Princess Leia is captured and held hostage by the evil Imperial forces in their effort to take over the galactic Empire. Venturesome Luke Skywalker and dashing captain Han Solo team together with the loveable robot duo R2-D2 and C-3PO to rescue the beautiful princess and restore peace and justice in the Empire.', '126.393695', '1977-05-25', 775398007, 121, 'Released', 'A long time ago in a galaxy far, far away...', '8.10', 6624),
(12, 'Finding Nemo', 94000000, 'http://movies.disney.com/finding-nemo', 'Nemo, an adventurous young clownfish, is unexpectedly taken from his Great Barrier Reef home to a dentist\'s office aquarium. It\'s up to his worrisome father Marlin and a friendly but forgetful fish Dory to bring Nemo home -- meeting vegetarian sharks, surfer dude turtles, hypnotic jellyfish, hungry seagulls, and more along the way.', '85.688789', '2003-05-30', 940335536, 100, 'Released', 'There are 3.7 trillion fish in the ocean, they\'re looking for one.', '7.60', 6122),
(13, 'Forrest Gump', 55000000, '', 'A man with a low IQ has accomplished great things in his life and been present during significant historic events - in each case, far exceeding what anyone imagined he could do. Yet, despite all the things he has attained, his one true love eludes him. \'Forrest Gump\' is the story of a man who rose above his challenges, and who proved that determination, courage, and love are more important than ability.', '138.133331', '1994-07-06', 677945399, 142, 'Released', 'The world will never be the same, once you\'ve seen it through the eyes of Forrest Gump.', '8.20', 7927),
(14, 'American Beauty', 15000000, 'http://www.dreamworks.com/ab/', 'Lester Burnham, a depressed suburban father in a mid-life crisis, decides to turn his hectic life around after developing an infatuation with his daughter\'s attractive friend.', '80.878605', '1999-09-15', 356296601, 122, 'Released', 'Look closer.', '7.90', 3313),
(16, 'Dancer in the Dark', 12800000, '', 'Selma, a Czech immigrant on the verge of blindness, struggles to make ends meet for herself and her son, who has inherited the same genetic disorder and will suffer the same fate without an expensive operation. When life gets too difficult, Selma learns to cope through her love of musicals, escaping life\'s troubles - even if just for a moment - by dreaming up little numbers to the rhythmic beats of her surroundings.', '22.022228', '2000-05-17', 40031879, 140, 'Released', 'You don\'t need eyes to see.', '7.60', 377),
(18, 'The Fifth Element', 90000000, '', 'In 2257, a taxi driver is unintentionally given the task of saving a young girl who is part of the key that will ensure the survival of humanity.', '109.528572', '1997-05-07', 263920180, 126, 'Released', 'There is no future without it.', '7.30', 3885),
(19, 'Metropolis', 92620000, '', 'In a futuristic city sharply divided between the working class and the city planners, the son of the city\'s mastermind falls in love with a working class prophet who predicts the coming of a savior to mediate their differences.', '32.351527', '1927-01-10', 650422, 153, 'Released', 'There can be no understanding between the hands and the brain unless the heart acts as mediator.', '8.00', 657),
(20, 'My Life Without Me', 0, 'http://www.clubcultura.com/clubcine/clubcineastas/isabelcoixet/mividasinmi/index.htm', 'A Pedro Almodovar production in which a fatally ill mother with only two months to live creates a list of things she wants to do before she dies with out telling her family of her illness.', '7.958831', '2003-03-07', 9726954, 106, 'Released', '', '7.20', 77),
(22, 'Pirates of the Caribbean: The Curse of the Black Pearl', 140000000, 'http://disney.go.com/disneyvideos/liveaction/pirates/main_site/main.html', 'Jack Sparrow, a freewheeling 17th-century pirate who roams the Caribbean Sea, butts heads with a rival pirate bent on pillaging the village of Port Royal. When the governor\'s daughter is kidnapped, Sparrow decides to help the girl\'s love save her. But their seafaring mission is hardly simple.', '271.972889', '2003-07-09', 655011224, 143, 'Released', 'Prepare to be blown out of the water.', '7.50', 6985),
(24, 'Kill Bill: Vol. 1', 30000000, 'http://www.miramax.com/movie/kill-bill-volume-1/', 'An assassin is shot at the altar by her ruthless employer, Bill and other members of their assassination circle – but \'The Bride\' lives to plot her vengeance. Setting out for some payback, she makes a death list and hunts down those who wronged her, saving Bill for last.', '79.754966', '2003-10-10', 180949000, 111, 'Released', 'Go for the kill.', '7.70', 4949),
(25, 'Jarhead', 72000000, '', 'Jarhead is a film about a US Marine Anthony Swofford’s experience in the Gulf War. After putting up with an arduous boot camp, Swafford and his unit are sent to the Persian Gulf where they are earger to fight but are forced to stay back from the action. Meanwhile Swofford gets news of his girlfriend is cheating on him. Desperately he wants to kill someone and finally put his training to use.', '32.227223', '2005-11-04', 96889998, 125, 'Released', 'Welcome to the suck.', '6.60', 765),
(28, 'Apocalypse Now', 31500000, 'http://www.apocalypsenow.com', 'At the height of the Vietnam war, Captain Benjamin Willard is sent on a dangerous mission that, officially, \"does not exist, nor will it ever exist.\" His goal is to locate - and eliminate - a mysterious Green Beret Colonel named Walter Kurtz, who has been leading his personal army on illegal guerrilla missions into enemy territory.', '49.973462', '1979-08-15', 89460381, 153, 'Released', 'This is the end...', '8.00', 2055),
(33, 'Unforgiven', 14000000, '', 'William Munny is a retired, once-ruthless killer turned gentle widower and hog farmer. To help support his two motherless children, he accepts one last bounty-hunter mission to find the men who brutalized a prostitute. Joined by his former partner and a cocky greenhorn, he takes on a corrupt sheriff.', '37.380435', '1992-08-07', 159157447, 131, 'Released', 'Some legends will never be forgotten. Some wrongs can never be forgiven.', '7.70', 1113),
(35, 'The Simpsons Movie', 75000000, 'http://www.simpsonsmovie.com/', 'After Homer accidentally pollutes the town\'s water supply, Springfield is encased in a gigantic dome by the EPA and the Simpsons are declared fugitives.', '46.875375', '2007-07-25', 527068851, 87, 'Released', 'See our family. And feel better about yours.', '6.90', 2264),
(38, 'Eternal Sunshine of the Spotless Mind', 20000000, 'http://www.eternalsunshine.com', 'Joel Barish, heartbroken that his girlfriend underwent a procedure to erase him from her memory, decides to do the same. However, as he watches his memories of her fade away, he realises that he still loves her, and may be too late to correct his mistake.', '56.481487', '2004-03-19', 72258126, 108, 'Released', 'You can erase someone from your mind. Getting them out of your heart is another story.', '7.90', 3652),
(55, 'Amores perros', 2000000, '', 'Three different people in Mexico City are catapulted into dramatic and unforeseen circumstances in the wake of a terrible car crash: a young punk stumbles into the sinister underground world of dog fighting; an injured supermodel\'s designer pooch disappears into the apartment\'s floorboards; and an ex-radical turned hit man rescues a gunshot Rotweiler.', '23.281616', '2000-06-16', 20908467, 154, 'Released', 'Love. Betrayal. Death.', '7.60', 521),
(58, 'Pirates of the Caribbean: Dead Man\'s Chest', 200000000, 'http://disney.go.com/disneypictures/pirates/', 'Captain Jack Sparrow works his way out of a blood debt with the ghostly Davey Jones, he also attempts to avoid eternal damnation.', '145.847379', '2006-06-20', 1065659812, 151, 'Released', 'Jack is back!', '7.00', 5246),
(59, 'A History of Violence', 32000000, '', 'An average family is thrust into the spotlight after the father commits a seemingly self-defense murder at his diner.', '34.628738', '2005-09-23', 60740827, 96, 'Released', 'Tom Stall had the perfect life... until he became a hero.', '6.90', 832),
(62, '2001: A Space Odyssey', 10500000, '', 'Humanity finds a mysterious object buried beneath the lunar surface and sets off to find its origins with the help of HAL 9000, the world\'s most advanced super computer.', '86.201184', '1968-04-10', 68700000, 149, 'Released', 'An epic drama of adventure and exploration', '7.90', 2998),
(65, '8 Mile', 41000000, 'http://movies.uip.de/8mile/', 'The setting is Detroit in 1995. The city is divided by 8 Mile, a road that splits the town in half along racial lines. A young white rapper, Jimmy \"B-Rabbit\" Smith Jr. summons strength within himself to cross over these arbitrary boundaries to fulfill his dream of success in hip hop. With his pal Future and the three one third in place, all he has to do is not choke.', '32.798571', '2002-11-08', 215000000, 110, 'Released', 'Every moment is another chance.', '6.80', 1626),
(66, 'Absolute Power', 50000000, '', 'A master thief coincidentally is robbing a house where a murder in which the President of The United States is involved occurs in front of his eyes. He is forced to run yet may hold evidence that could convict the President. A political thriller from and starring Clint Eastwood and based on a novel by David Baldacci.', '13.576765', '1997-02-14', 50068310, 121, 'Released', 'Corrupts Absolutely.', '6.40', 223),
(68, 'Brazil', 15000000, '', 'Low-level bureaucrat Sam Lowry escapes the monotony of his day-to-day life through a recurring daydream of himself as a virtuous hero saving a beautiful damsel. Investigating a case that led to the wrongful arrest and eventual death of an innocent man instead of wanted terrorist Harry Tuttle, he meets the woman from his daydream, and in trying to help her gets caught in a web of mistaken identities, mindless bureaucracy and lies.', '41.089863', '1985-02-20', 0, 132, 'Released', 'It\'s only a state of mind.', '7.50', 861),
(69, 'Walk the Line', 28000000, '', 'A chronicle of country music legend Johnny Cash\'s life, from his early days on an Arkansas cotton farm to his rise to fame with Sun Records in Memphis, where he recorded alongside Elvis Presley, Jerry Lee Lewis and Carl Perkins.', '35.580032', '2005-09-13', 186438883, 136, 'Released', 'Love is a burning thing.', '7.30', 718),
(70, 'Million Dollar Baby', 30000000, 'http://www.milliondollarbaby-derfilm.de/', 'Despondent over a painful estrangement from his daughter, trainer Frankie Dunn isn\'t prepared for boxer Maggie Fitzgerald to enter his life. But Maggie\'s determined to go pro and to convince Dunn and his cohort to help her.', '70.456012', '2004-12-15', 216763646, 132, 'Released', 'Beyond his silence, there is a past. Beyond her dreams, there is a feeling. Beyond hope, there is a memory. Beyond their journey, there is a love.', '7.70', 2439),
(71, 'Billy Elliot', 5000000, '', 'Set against the background of the 1984 Miner\'s Strike, Billy Elliot is an 11 year old boy who stumbles out of the boxing ring and onto the ballet floor. He faces many trials and triumphs as he strives to conquer his family\'s set ways, inner conflict, and standing on his toes!', '20.428237', '2000-05-18', 110000000, 110, 'Released', 'Inside every one of us is a special talent waiting to come out. The trick is finding it.', '7.40', 750),
(73, 'American History X', 20000000, 'http://www.historyx.com/', 'Derek Vineyard is paroled after serving 3 years in prison for killing two thugs who tried to break into/steal his truck. Through his brother, Danny Vineyard\'s narration, we learn that before going to prison, Derek was a skinhead and the leader of a violent white supremacist gang that committed acts of racial crime throughout L.A. and his actions greatly influenced Danny. Reformed and fresh out of prison, Derek severs contact with the gang and becomes determined to keep Danny from going down the same violent path as he did.', '73.567232', '1998-10-30', 23875127, 119, 'Released', 'Some Legacies Must End.', '8.20', 3016),
(74, 'War of the Worlds', 132000000, '', 'Ray Ferrier is a divorced dockworker and less-than-perfect father. Soon after his ex-wife and her new husband drop of his teenage son and young daughter for a rare weekend visit, a strange and powerful lightning storm touches down.', '48.572726', '2005-06-28', 591739379, 116, 'Released', 'They\'re already here.', '6.20', 2322),
(75, 'Mars Attacks!', 70000000, 'http://marsattacks.warnerbros.com/', '\'We come in peace\' is not what those green men from Mars mean when they invade our planet, armed with irresistible weapons and a cruel sense of humor.  This star studded cast must play victim to the alien’s fun and games in this comedy homage to science fiction films of the \'50s and \'60s.', '44.090535', '1996-12-12', 101371017, 106, 'Released', 'Nice planet. We\'ll take it!', '6.10', 1509),
(76, 'Before Sunrise', 2500000, '', 'A dialogue marathon of a film, this fairytale love story of an American boy and French girl. During a day and a night together in Vienna their two hearts collide.', '23.672571', '1995-01-27', 5535405, 105, 'Released', 'Can the greatest romance of your life last only one night?', '7.70', 959),
(77, 'Memento', 9000000, 'http://www.otnemem.com/', 'Suffering short-term memory loss after a head injury, Leonard Shelby embarks on a grim quest to find the lowlife who murdered his wife in this gritty, complex thriller that packs more knots than a hangman\'s noose. To carry out his plan, Shelby snaps Polaroids of people and places, jotting down contextual notes on the backs of photos to aid in his search and jog his memory. He even tattoos his own body in a desperate bid to remember.', '60.715151', '2000-10-11', 39723096, 113, 'Released', 'Some memories are best forgotten.', '8.10', 4028),
(78, 'Blade Runner', 28000000, 'http://www.warnerbros.com/blade-runner', 'In the smog-choked dystopian Los Angeles of 2019, blade runner Rick Deckard is called out of retirement to terminate a quartet of replicants who have escaped to Earth seeking their creator for a way to extend their short life spans.', '94.056131', '1982-06-25', 33139618, 117, 'Released', 'Man has made his match... now it\'s his problem.', '7.90', 3509),
(79, '英雄', 31000000, '', 'One man defeated three assassins who sought to murder the most powerful warlord in pre-unified China.', '23.607392', '2002-12-19', 177394432, 99, 'Released', 'One man\'s strength will unite an empire.', '7.20', 635),
(80, 'Before Sunset', 2700000, 'http://www.warnerbros.com/?site=beforesunset#/page=movies&pid=f-57b53b9e/BEFORE_SUNSET&asset=059437/Before_Sunset_-_Trailer_1A&type=video/', 'Nine years ago two strangers met by chance and spent a night in Vienna that ended before sunrise. They are about to meet for the first time since. Now they have one afternoon to find out if they belong together.', '14.799323', '2004-02-10', 15992615, 80, 'Released', 'What if you had a second chance with the one that got away?', '7.60', 718),
(83, 'Open Water', 130000, '', 'Two divers are left out at sea without a boat. There’s nothing but water for miles, unless they look at what’s underneath them...', '15.611857', '2004-08-06', 54667954, 79, 'Released', 'Scream all you want.', '5.40', 315),
(85, 'Raiders of the Lost Ark', 18000000, 'http://www.indianajones.com', 'When Dr. Indiana Jones – the tweed-suited professor who just happens to be a celebrated archaeologist – is hired by the government to locate the legendary Ark of the Covenant, he finds himself up against the entire Nazi regime.', '68.159596', '1981-06-12', 389925971, 115, 'Released', 'Indiana Jones - the new hero from the creators of JAWS and STAR WARS.', '7.70', 3854),
(87, 'Indiana Jones and the Temple of Doom', 28000000, 'http://www.indianajones.com', 'After arriving in India, Indiana Jones is asked by a desperate village to find a mystical stone. He agrees – and stumbles upon a secret cult plotting a terrible plan in the catacombs of an ancient palace.', '66.976776', '1984-05-23', 333000000, 118, 'Released', 'If adventure has a name... it must be Indiana Jones.', '7.10', 2781),
(89, 'Indiana Jones and the Last Crusade', 48000000, 'http://www.indianajones.com/crusade', 'When Dr. Henry Jones Sr. suddenly goes missing while pursuing the Holy Grail, eminent archaeologist Indiana must team up with Marcus Brody, Sallah and Elsa Schneider to follow in his father\'s footsteps and stop the Nazis from recovering the power of eternal life.', '80.972475', '1989-05-24', 474171806, 127, 'Released', 'The man with the hat is back. And this time, he\'s bringing his Dad.', '7.60', 3152),
(90, 'Beverly Hills Cop', 15000000, '', 'Tough-talking Detroit cop Axel Foley heads to the rarified world of Beverly Hills in his beat-up Chevy Nova to investigate a friend\'s murder. But soon, he realizes he\'s stumbled onto something much more complicated. Bungling rookie detective Billy Rosewood joins the fish-out-of-water Axel and shows him the West Los Angeles ropes.', '29.843818', '1984-11-29', 316360478, 105, 'Released', 'The Heat Is On!', '6.80', 961),
(95, 'Armageddon', 140000000, '', 'When an asteroid threatens to collide with Earth, NASA honcho Dan Truman determines the only way to stop it is to drill into its surface and detonate a nuclear bomb. This leads him to renowned driller Harry Stamper, who agrees to helm the dangerous space mission provided he can bring along his own hotshot crew. Among them is the cocksure A.J. who Harry thinks isn\'t good enough for his daughter, until the mission proves otherwise.', '58.485967', '1998-07-01', 553799566, 151, 'Released', 'The Earth\'s Darkest Day Will Be Man\'s Finest Hour', '6.40', 2482),
(96, 'Beverly Hills Cop II', 20000000, '', 'Detroit cop, Axel Foley heads for the land of sunshine and palm trees to find out who shot police Captain Andrew Bogomil. Thanks to a couple of old friends, Axel\'s investigation uncovers a series of robberies masterminded by a heartless weapons kingpin – and the chase is on.', '25.284360', '1987-05-18', 299965036, 100, 'Released', '', '6.10', 613),
(98, 'Gladiator', 103000000, '', 'In the year 180, the death of emperor Marcus Aurelius throws the Roman Empire into chaos. Maximus is one of the Roman army\'s most capable and trusted generals and a key advisor to the emperor. As Marcus\' devious son Commodus ascends to the throne, Maximus is set to be executed. He escapes, but is captured by slave traders. Renamed Spaniard and forced to become a gladiator, Maximus must battle to the death with other men for the amusement of paying audiences. His battle skills serve him well, and he becomes one of the most famous and admired men to fight in the Colosseum. Determined to avenge himself against the man who took away his freedom and laid waste to his family, Maximus believes that he can use his fame and skill in the ring to avenge the loss of his family and former glory. As the gladiator begins to challenge his rule, Commodus decides to put his own fighting mettle to the test by squaring off with Maximus in a battle to the death.', '95.301296', '2000-05-01', 457640427, 155, 'Released', 'A Hero Will Rise.', '7.90', 5439),
(100, 'Lock, Stock and Two Smoking Barrels', 1350000, 'http://www.universalstudiosentertainment.com/lock-stock-and-two-smoking-barrels/', 'A card sharp and his unwillingly-enlisted friends need to make a lot of cash quick after losing a sketchy poker match. To do this they decide to pull a heist on a small-time gang who happen to be operating out of the flat next door.', '16.032594', '1998-03-05', 3897569, 105, 'Released', 'A Disgrace to Criminals Everywhere.', '7.50', 1648);

-- --------------------------------------------------------

--
-- Table structure for table `movie_cast`
--

CREATE TABLE `movie_cast` (
  `movie_id` int(10) DEFAULT NULL,
  `person_id` int(10) DEFAULT NULL,
  `character_name` varchar(400) DEFAULT NULL,
  `gender` varchar(10) DEFAULT NULL,
  `cast_order` int(5) DEFAULT NULL
) ENGINE=InnoDB DEFAULT CHARSET=utf8;

--
-- Dumping data for table `movie_cast`
--

INSERT INTO `movie_cast` (`movie_id`, `person_id`, `character_name`, `gender`, `cast_order`) VALUES
(58, 85, 'Captain Jack Sparrow', 'male', 0),
(58, 114, 'Will Turner', 'male', 1),
(58, 116, 'Elizabeth Swann', 'female', 2),
(58, 378, 'Governor Weatherby Swann', 'male', 7),
(58, 118, 'Captain Hector Barbossa', 'male', 16),
(95, 62, 'Harry S. Stamper', 'male', 0),
(95, 53, 'Lev Andropov, Russian Cosmonaut', 'male', 8),
(74, 500, 'Ray Ferrier', 'male', 0),
(74, 192, 'Narrator (Voice)', 'male', 7),
(22, 85, 'Captain Jack Sparrow', 'male', 0),
(22, 118, 'Captain Hector Barbossa', 'male', 1),
(22, 114, 'Will Turner', 'male', 2),
(22, 116, 'Elizabeth Swann', 'female', 3),
(22, 378, 'Governor Weatherby Swann', 'male', 5),
(98, 194, 'Marcus Aurelius', 'male', 4),
(18, 62, 'Korben Dallas', 'male', 0),
(18, 64, 'Jean-Baptiste Emmanuel Zorg', 'male', 1),
(18, 65, 'Father Vito Cornelius', 'male', 2),
(18, 63, 'Leeloo', 'female', 3),
(18, 66, 'Ruby Rhod', 'male', 4),
(12, 13, 'Marlin (voice)', 'male', 0),
(12, 14, 'Dory (voice)', 'female', 1),
(12, 12, 'Nemo (voice)', 'male', 2),
(12, 18, 'Bloat (voice)', 'male', 4),
(12, 19, 'Peach (voice)', 'female', 5),
(12, 118, 'Nigel (voice)', 'male', 10),
(12, 7, 'Crush (voice)', 'male', 11),
(12, 20, 'Coral (voice)', 'female', 12),
(12, 10, 'Mr. Ray (voice)', 'male', 14),
(12, 22, 'Bruce (voice)', 'male', 15),
(12, 23, 'Dentist (voice)', 'male', 18),
(25, 134, 'Staff Sgt. Sykes', 'male', 0),
(25, 131, 'Anthony Swofford', 'male', 1),
(25, 132, 'D.I. Fitch', 'male', 1),
(25, 155, 'Kruger', 'male', 3),
(25, 133, 'Alan Troy', 'male', 4),
(25, 352, 'Major Lincoln', 'male', 20),
(35, 198, 'Homer / Itchy / Barney / Grampa / Stage Manager / Krusty the Clown / Mayor Quimby / Mayor\'s Aide / Multi-Eyed Squirrel / Panicky Man / Sideshow Mel / Mr. Teeny / EPA Official / Kissing Cop / Bear / Boy on Phone / NSA Worker / Officer / Santa\'s Little Helper / Squeaky-Voiced Teen (voice)', 'male', 0),
(35, 199, 'Marge Simpson / Selma / Patty (voice)', 'female', 1),
(35, 200, 'Bart Simpson / Maggie Simpson / Ralph / Nelson / Todd Flanders / TV Daughter / Woman on Phone (voice)', 'female', 2),
(35, 31, 'Himself (voice)', 'male', 11),
(35, 13, 'Russ Cargill (voice)', 'male', 16),
(13, 31, 'Forrest Gump', 'male', 0),
(13, 32, 'Jenny Curran', 'female', 1),
(13, 33, 'Lt. Dan Taylor', 'male', 2),
(13, 34, 'Pvt. Benjamin Buford \'Bubba\' Blue', 'male', 3),
(13, 35, 'Mrs. Gump', 'female', 4),
(24, 139, 'Beatrix \'The Bride\' Kiddo', 'female', 0),
(24, 140, 'O-Ren Ishii', 'female', 1),
(24, 141, 'Bill', 'male', 4),
(24, 147, 'Budd', 'male', 5),
(66, 190, 'Luther Whitney', 'male', 0),
(66, 193, 'President Allen Richmond', 'male', 1),
(66, 228, 'Seth Frank', 'male', 2),
(66, 349, 'Bill Burton', 'male', 3),
(66, 350, 'Kate Whitney', 'female', 4),
(66, 351, 'Gloria Russell', 'female', 5),
(66, 352, 'Tim Collin', 'male', 6),
(66, 389, 'Art Student', 'female', 7),
(66, 404, 'Christy Sullivan', 'female', 8),
(89, 3, 'Indiana Jones', 'male', 0),
(65, 325, 'Jimmy B. Rabbit Smith', 'male', 0),
(65, 327, 'David Future Porter', 'male', 1),
(65, 328, 'Alex', 'female', 2),
(65, 326, 'Stephanie Smith', 'female', 3),
(65, 335, 'Greg Buehl', 'male', 4),
(65, 343, 'Janeane', 'female', 5),
(65, 341, 'DJ IZ', 'male', 7),
(65, 333, 'Cheddar Bob', 'male', 8),
(65, 334, 'Sol George', '0', 9),
(65, 342, 'Wink', 'male', 10),
(65, 336, 'Mike', 'male', 12),
(65, 344, 'Bouncer', '0', 18),
(59, 110, 'Tom Stall', 'male', 0),
(59, 49, 'Edie Stall', 'female', 1),
(59, 226, 'Sarah Stall', '0', 2),
(59, 225, 'Jack Stall', 'male', 3),
(59, 227, 'Richie Cusack', 'male', 4),
(59, 228, 'Carl Fogerty', 'male', 5),
(59, 229, 'Sheriff Sam Carney', 'male', 6),
(59, 230, 'Leland', 'male', 7),
(59, 231, 'Billy', 'male', 8),
(59, 232, 'Bobby', 'male', 9),
(59, 233, 'Judy Danvers', 'female', 10),
(59, 234, 'Mick', 'male', 11),
(59, 235, 'Charlotte', '0', 12),
(59, 236, 'Frank Mulligan', 'male', 13),
(59, 237, 'Charlie Roarke', 'male', 14),
(28, 3, 'Colonel Lucas', 'male', 7),
(28, 349, 'Lieutenant Richard M. Colby', 'male', 11),
(70, 190, 'Frankie Dunn', 'male', 0),
(70, 448, 'Maggie Fitzgerald', 'female', 1),
(70, 192, 'Eddie Scrap-Iron Dupris', 'male', 2),
(70, 449, 'Danger Barch', 'male', 3),
(70, 450, 'Big Willie Little', 'male', 4),
(70, 451, 'Billie \'The Blue Bear\'', '0', 5),
(70, 452, 'Earline Fitzgerald', 'female', 8),
(70, 453, 'Mardell Fitzgerald', 'female', 9),
(70, 454, 'Omar', 'male', 10),
(69, 368, 'June Carter', 'female', 1),
(69, 417, 'Vivian', 'female', 2),
(69, 418, 'Ray Cash', 'male', 3),
(69, 419, 'Elvis Presley', 'male', 4),
(69, 420, 'Roy Orbison', 'male', 5),
(69, 421, 'Waylon Jennings', 'male', 6),
(69, 422, 'Jerry Lee Lewis', 'male', 7),
(69, 424, 'Sam Phillips', '0', 8),
(69, 425, 'Luther Perkins', 'male', 9),
(69, 426, 'Marshall Grant', 'male', 10),
(69, 427, 'Maybelle Carter', 'female', 11),
(69, 428, 'Ezra Carter', 'male', 12),
(69, 429, 'Young Johnny Cash', 'male', 13),
(69, 431, 'Carlene Carter', 'female', 14),
(69, 430, 'Rosanne Cash', 'female', 15),
(69, 408, 'Warden', 'male', 22),
(69, 410, 'Bob Neal (uncredited)', 'male', 33),
(87, 3, 'Indiana Jones', 'male', 0),
(87, 1, 'Missionary (uncredited)', 'male', 66),
(87, 488, 'Tourist at Airport (uncredited)', 'male', 68),
(78, 3, 'Rick Deckard', 'male', 0),
(85, 3, 'Indy', 'male', 0),
(38, 206, 'Joel Barish', 'male', 0),
(38, 204, 'Clementine Kruczynski', 'female', 1),
(38, 205, 'Mary Svevo', 'female', 2),
(38, 103, 'Stan Fink', 'male', 3),
(38, 109, 'Patrick', 'male', 4),
(38, 207, 'Dr. Howard Mierzwiak', 'male', 5),
(38, 209, 'Carrie Eakin', 'female', 6),
(38, 212, 'Rob Eakin', 'male', 7),
(38, 208, 'Young Joel', '0', 10),
(38, 220, 'Young Clementine', '0', 11),
(38, 211, 'Joel\'s Mother', 'female', 12),
(38, 213, 'Train Conducter', 'male', 13),
(38, 214, 'Young Bully', '0', 14),
(38, 216, 'Young Bully', 'male', 15),
(38, 217, 'Young Bully', 'male', 16),
(38, 210, 'Young Bully', 'male', 17),
(38, 221, 'Rollerblader', 'female', 18),
(14, 19, 'Barbara Fitts', 'female', 8),
(68, 378, 'Sam Lowry', 'male', 0),
(68, 380, 'Archibald \'Harry\' Tuttle', 'male', 1),
(68, 381, 'Mrs. Ida Lowry', 'female', 2),
(68, 65, 'Mr. M. Kurtzmann', 'male', 3),
(68, 382, 'Spoor', 'male', 4),
(68, 383, 'Jack Lint', 'male', 5),
(68, 385, 'Mr. Warrenn', 'male', 6),
(68, 280, 'Smoking Man (uncredited)', 'male', 7),
(68, 386, 'Mr. Helpmann', 'male', 8),
(68, 387, 'Jill Layton', 'female', 9),
(68, 388, 'Dr. Jaffe', 'male', 10),
(68, 374, 'Harvey Lime', '0', 15),
(19, 75, 'Maria', 'female', 0),
(19, 73, 'Johann \'Joh\' Fredersen', 'male', 1),
(19, 74, 'Freder Fredersen', 'male', 2),
(19, 77, 'C.A. Rotwang, the inventor', 'male', 3),
(19, 78, 'Der Schmale', 'male', 4),
(19, 79, 'Josaphat - Joseph', '0', 5),
(19, 80, 'No. 11811 - Georgy', 'male', 6),
(19, 81, 'Grot', 'male', 7),
(19, 82, 'Jan', 'male', 8),
(19, 83, 'Marinus', '0', 11),
(33, 190, 'Bill Munny', 'male', 0),
(33, 193, 'Little Bill Daggett', 'male', 1),
(33, 192, 'Ned Logan', 'male', 2),
(33, 194, 'English Bob', 'male', 3),
(16, 47, 'Selma Jezkova', 'female', 0),
(16, 50, 'Kathy', 'female', 1),
(16, 52, 'Bill Houston', 'male', 2),
(16, 53, 'Jeff', 'male', 3),
(11, 2, 'Luke Skywalker', 'male', 0),
(11, 3, 'Han Solo', 'male', 1),
(11, 4, 'Princess Leia Organa', 'female', 2),
(11, 5, 'Grand Moff Tarkin', 'male', 3),
(11, 6, 'See Threepio (C-3PO)', 'male', 5),
(11, 130, 'Artoo-Detoo (R2-D2)', 'male', 6),
(62, 245, 'Dr. Dave Bowman', 'male', 0),
(62, 246, 'Dr. Frank Poole', 'male', 1),
(62, 247, 'Dr. Heywood R. Floyd', 'male', 2),
(62, 253, 'HAL 9000 (voice)', 'male', 3),
(62, 248, 'Moon-Watcher', '0', 4),
(62, 249, 'Dr. Andrei Smyslov', 'male', 5),
(62, 250, 'Elena', 'female', 6),
(62, 251, 'Dr. Ralph Halvorsen', 'male', 7),
(62, 252, 'Dr. Bill Michaels', 'male', 8),
(71, 478, 'Billy Elliot', 'male', 0),
(71, 477, 'Mrs. Wilkinson', 'female', 1),
(71, 481, 'Grandmother', 'female', 2),
(71, 479, 'Tony Elliot', 'male', 3),
(71, 480, 'Jackie Elliot', 'male', 4),
(71, 482, 'Michael Caffrey', 'male', 7),
(71, 483, 'Debbie Wilkinson', '0', 10),
(71, 487, 'Billy\'s mother', '0', 11),
(5, 62, 'Leo', 'male', 5),
(5, 138, 'Chester Rush', 'male', 6),
(20, 98, 'Ann', 'female', 0),
(20, 99, 'Laurie', 'female', 1),
(20, 100, 'Don', 'male', 2),
(20, 101, 'Neighbor Ann', 'female', 3),
(20, 102, 'Ann\'s Mother', 'female', 4),
(20, 103, 'Lee', 'male', 5),
(55, 258, 'Octavio', 'male', 0),
(55, 259, 'Susana', 'female', 1),
(55, 261, 'Valeria', 'female', 2),
(55, 262, 'Daniel', '0', 3),
(55, 263, 'El Chivo', 'male', 4),
(55, 264, 'Luis', 'male', 5),
(55, 265, 'Gustavo', '0', 6),
(55, 266, 'Jorge', 'male', 7),
(55, 267, 'Mauricio', '0', 8),
(55, 268, 'Tu00eda Luisa', '0', 9),
(55, 269, 'Mama Susana', 'female', 10),
(55, 270, 'Mama Octavio', 'female', 11),
(55, 271, 'Leonardo', '0', 12),
(55, 272, 'Maru', 'female', 13),
(55, 260, 'Ramiro', 'male', 14);

-- --------------------------------------------------------

--
-- Table structure for table `movie_crew`
--

CREATE TABLE `movie_crew` (
  `movie_id` int(10) DEFAULT NULL,
  `person_id` int(10) DEFAULT NULL,
  `department` char(25) DEFAULT NULL,
  `job` varchar(200) DEFAULT NULL
) ENGINE=InnoDB DEFAULT CHARSET=utf8;

--
-- Dumping data for table `movie_crew`
--

INSERT INTO `movie_crew` (`movie_id`, `person_id`, `department`, `job`) VALUES
(58, 120, 'Camera', 'Director of Photography'),
(95, 497, 'Art', 'Assistant Art Director'),
(74, 491, 'Sound', 'Original Music Composer'),
(74, 495, 'Production', 'Casting'),
(74, 488, 'Directing', 'Director'),
(74, 489, 'Production', 'Producer'),
(74, 490, 'Production', 'Producer'),
(74, 492, 'Camera', 'Director of Photography'),
(74, 493, 'Editing', 'Editor'),
(74, 494, 'Production', 'Casting'),
(74, 496, 'Art', 'Production Design'),
(74, 497, 'Art', 'Art Direction'),
(74, 498, 'Costume & Make-Up', 'Costume Design'),
(74, 499, 'Crew', 'Special Effects'),
(22, 38, 'Editing', 'Editor'),
(22, 120, 'Camera', 'Director of Photography'),
(22, 122, 'Sound', 'Original Music Composer'),
(18, 59, 'Writing', 'Screenplay'),
(18, 59, 'Directing', 'Director'),
(18, 59, 'Writing', 'Story'),
(18, 60, 'Production', 'Producer'),
(18, 61, 'Writing', 'Screenplay'),
(12, 7, 'Writing', 'Screenplay'),
(12, 7, 'Directing', 'Director'),
(12, 7, 'Writing', 'Original Story'),
(12, 8, 'Editing', 'Supervising Film Editor'),
(12, 8, 'Directing', 'Co-Director'),
(12, 9, 'Production', 'Producer'),
(12, 10, 'Writing', 'Screenplay'),
(12, 11, 'Writing', 'Screenplay'),
(12, 153, 'Sound', 'Original Music Composer'),
(75, 307, 'Camera', 'Director of Photography'),
(25, 153, 'Sound', 'Original Music Composer'),
(25, 39, 'Directing', 'Director'),
(25, 39, 'Production', 'Producer'),
(25, 135, 'Production', 'Producer'),
(25, 136, 'Production', 'Producer'),
(25, 142, 'Writing', 'Author'),
(25, 148, 'Writing', 'Author'),
(25, 151, 'Camera', 'Director of Photography'),
(25, 152, 'Sound', 'Original Music Composer'),
(25, 154, 'Editing', 'Editor'),
(35, 197, 'Directing', 'Director'),
(35, 239, 'Writing', 'Screenplay'),
(13, 37, 'Sound', 'Original Music Composer'),
(13, 24, 'Directing', 'Director'),
(13, 26, 'Writing', 'Novel'),
(13, 27, 'Writing', 'Screenplay'),
(13, 28, 'Production', 'Producer'),
(13, 29, 'Production', 'Producer'),
(13, 30, 'Production', 'Producer'),
(13, 36, 'Camera', 'Director of Photography'),
(13, 38, 'Editing', 'Editor'),
(13, 496, 'Art', 'Production Design'),
(13, 498, 'Costume & Make-Up', 'Costume Design'),
(24, 138, 'Directing', 'Director'),
(24, 138, 'Writing', 'Characters'),
(24, 138, 'Writing', 'Writer'),
(24, 139, 'Writing', 'Characters'),
(24, 149, 'Camera', 'Director of Photography'),
(24, 156, 'Editing', 'Editor'),
(24, 150, 'Sound', 'Original Music Composer'),
(66, 190, 'Directing', 'Director'),
(66, 190, 'Production', 'Producer'),
(66, 190, 'Sound', 'Original Music Composer'),
(66, 195, 'Sound', 'Original Music Composer'),
(66, 356, 'Camera', 'Director of Photography'),
(66, 369, 'Art', 'Production Design'),
(66, 384, 'Editing', 'Editor'),
(66, 423, 'Production', 'Casting'),
(66, 347, 'Production', 'Executive Producer'),
(66, 348, 'Writing', 'Screenplay'),
(66, 355, 'Writing', 'Novel'),
(66, 370, 'Art', 'Art Direction'),
(66, 371, 'Camera', 'First Assistant Camera'),
(66, 373, 'Sound', 'Sound Effects Editor'),
(66, 375, 'Sound', 'Sound Editor'),
(66, 379, 'Sound', 'Music Editor'),
(89, 1, 'Production', 'Executive Producer'),
(89, 1, 'Editing', 'Editor'),
(89, 1, 'Writing', 'Characters'),
(89, 491, 'Sound', 'Original Music Composer'),
(89, 488, 'Directing', 'Director'),
(89, 493, 'Editing', 'Editor'),
(89, 498, 'Costume & Make-Up', 'Costume Design'),
(65, 275, 'Camera', 'Director of Photography'),
(65, 323, 'Directing', 'Director'),
(65, 323, 'Production', 'Producer'),
(65, 324, 'Writing', 'Author'),
(65, 330, 'Editing', 'Editor'),
(65, 331, 'Editing', 'Editor'),
(65, 339, 'Production', 'Producer'),
(65, 340, 'Production', 'Producer'),
(59, 224, 'Directing', 'Director'),
(59, 298, 'Production', 'Producer'),
(59, 305, 'Writing', 'Screenplay'),
(59, 306, 'Writing', 'Novel'),
(59, 307, 'Camera', 'Director of Photography'),
(59, 310, 'Editing', 'Editor'),
(59, 117, 'Sound', 'Original Music Composer'),
(28, 154, 'Editing', 'Editor'),
(28, 154, 'Sound', 'Sound Designer'),
(28, 123, 'Production', 'Production Manager'),
(70, 190, 'Directing', 'Director'),
(70, 190, 'Production', 'Producer'),
(70, 190, 'Sound', 'Original Music Composer'),
(70, 195, 'Sound', 'Orchestrator'),
(70, 369, 'Art', 'Production Design'),
(70, 384, 'Editing', 'Editor'),
(70, 423, 'Production', 'Casting'),
(70, 370, 'Art', 'Art Direction'),
(70, 371, 'Camera', 'First Assistant Camera'),
(70, 375, 'Sound', 'Sound Editor'),
(70, 379, 'Sound', 'Music Editor'),
(70, 455, 'Writing', 'Screenplay'),
(70, 455, 'Production', 'Producer'),
(70, 457, 'Production', 'Producer'),
(70, 459, 'Sound', 'Additional Soundtrack'),
(70, 460, 'Camera', 'Director of Photography'),
(70, 461, 'Costume & Make-Up', 'Costume Design'),
(69, 366, 'Directing', 'Director'),
(69, 366, 'Writing', 'Screenplay'),
(69, 407, 'Writing', 'Screenplay'),
(69, 408, 'Production', 'Producer'),
(69, 409, 'Production', 'Producer'),
(69, 410, 'Production', 'Executive Producer'),
(69, 414, 'Production', 'Unit Production Manager'),
(69, 414, 'Production', 'Executive Producer'),
(69, 432, 'Camera', 'Director of Photography'),
(69, 433, 'Editing', 'Editor'),
(69, 434, 'Production', 'Casting'),
(69, 436, 'Production', 'Casting'),
(69, 437, 'Art', 'Production Design'),
(87, 1, 'Production', 'Executive Producer'),
(87, 1, 'Editing', 'Editor'),
(87, 1, 'Writing', 'Story'),
(87, 1, 'Writing', 'Characters'),
(87, 491, 'Sound', 'Original Music Composer'),
(87, 488, 'Directing', 'Director'),
(87, 489, 'Production', 'Associate Producer'),
(87, 493, 'Editing', 'Editor'),
(78, 473, 'Camera', 'Additional Photography'),
(85, 1, 'Production', 'Executive Producer'),
(85, 1, 'Editing', 'Editor'),
(85, 1, 'Writing', 'Story'),
(85, 491, 'Sound', 'Original Music Composer'),
(85, 488, 'Directing', 'Director'),
(85, 493, 'Editing', 'Editor'),
(38, 201, 'Directing', 'Director'),
(38, 201, 'Writing', 'Story'),
(38, 222, 'Writing', 'Story'),
(38, 312, 'Sound', 'Original Music Composer'),
(38, 313, 'Camera', 'Director of Photography'),
(38, 202, 'Writing', 'Screenplay'),
(38, 202, 'Production', 'Executive Producer'),
(38, 202, 'Writing', 'Story'),
(38, 321, 'Production', 'Producer'),
(38, 322, 'Production', 'Producer'),
(14, 153, 'Sound', 'Original Music Composer'),
(14, 39, 'Directing', 'Director'),
(14, 495, 'Production', 'Casting'),
(14, 494, 'Production', 'Casting'),
(68, 280, 'Directing', 'Director'),
(68, 280, 'Writing', 'Screenplay'),
(68, 293, 'Camera', 'Director of Photography'),
(68, 372, 'Writing', 'Screenplay'),
(68, 374, 'Writing', 'Screenplay'),
(68, 376, 'Production', 'Producer'),
(68, 377, 'Production', 'Producer'),
(68, 390, 'Production', 'Casting'),
(68, 391, 'Art', 'Production Design'),
(68, 393, 'Sound', 'Sound Editor'),
(68, 394, 'Crew', 'Sound Recordist'),
(19, 67, 'Production', 'Producer'),
(19, 68, 'Directing', 'Director'),
(19, 68, 'Editing', 'Editor'),
(19, 68, 'Writing', 'Screenplay'),
(19, 69, 'Sound', 'Original Music Composer'),
(19, 70, 'Camera', 'Director of Photography'),
(19, 71, 'Camera', 'Director of Photography'),
(19, 157, 'Writing', 'Screenplay'),
(19, 157, 'Writing', 'Novel'),
(33, 190, 'Directing', 'Director'),
(33, 190, 'Production', 'Producer'),
(33, 195, 'Sound', 'Original Music Composer'),
(33, 356, 'Camera', 'Director of Photography'),
(33, 369, 'Art', 'Production Design'),
(33, 384, 'Editing', 'Editor'),
(33, 423, 'Production', 'Casting'),
(33, 347, 'Directing', 'Assistant Director'),
(33, 379, 'Sound', 'Music Editor'),
(16, 42, 'Directing', 'Director'),
(16, 42, 'Camera', 'Camera Operator'),
(16, 42, 'Writing', 'Writer'),
(16, 47, 'Sound', 'Original Music Composer'),
(11, 1, 'Directing', 'Director'),
(11, 1, 'Production', 'Executive Producer'),
(11, 1, 'Writing', 'Writer'),
(11, 491, 'Sound', 'Original Music Composer'),
(11, 390, 'Production', 'Casting'),
(62, 240, 'Production', 'Producer'),
(62, 240, 'Writing', 'Screenplay'),
(62, 240, 'Directing', 'Director'),
(62, 243, 'Camera', 'Director of Photography'),
(62, 244, 'Editing', 'Editor'),
(62, 254, 'Sound', 'Sound mixer'),
(62, 255, 'Sound', 'Sound Editor'),
(62, 241, 'Writing', 'Novel'),
(62, 241, 'Writing', 'Screenplay'),
(62, 257, 'Production', 'Producer'),
(73, 29, 'Production', 'Executive Producer'),
(71, 462, 'Production', 'Producer'),
(71, 463, 'Production', 'Producer'),
(71, 464, 'Production', 'Producer'),
(71, 465, 'Production', 'Producer'),
(71, 466, 'Production', 'Producer'),
(71, 467, 'Production', 'Producer'),
(71, 468, 'Directing', 'Director'),
(71, 469, 'Sound', 'Original Music Composer'),
(71, 470, 'Writing', 'Author'),
(71, 471, 'Art', 'Production Design'),
(71, 472, 'Sound', 'Sound Designer'),
(71, 473, 'Camera', 'Director of Photography'),
(71, 474, 'Production', 'Casting'),
(71, 476, 'Editing', 'Editor'),
(5, 138, 'Directing', 'Director'),
(5, 138, 'Production', 'Executive Producer'),
(5, 138, 'Writing', 'Writer'),
(5, 156, 'Editing', 'Editor'),
(20, 90, 'Directing', 'Director'),
(20, 93, 'Production', 'Producer'),
(20, 96, 'Production', 'Producer'),
(20, 97, 'Writing', 'Author'),
(20, 104, 'Camera', 'Director of Photography'),
(20, 105, 'Editing', 'Editor'),
(20, 106, 'Sound', 'Original Music Composer'),
(20, 309, 'Production', 'Executive Producer'),
(55, 223, 'Directing', 'Director'),
(55, 223, 'Editing', 'Editor'),
(55, 223, 'Production', 'Producer'),
(55, 273, 'Production', 'Producer'),
(55, 273, 'Writing', 'Author'),
(55, 275, 'Camera', 'Director of Photography'),
(55, 276, 'Editing', 'Editor'),
(55, 277, 'Editing', 'Editor'),
(55, 278, 'Sound', 'Original Music Composer'),
(55, 279, 'Sound', 'Original Music Composer');

-- --------------------------------------------------------

--
-- Table structure for table `movie_genres`
--

CREATE TABLE `movie_genres` (
  `movie_id` int(10) DEFAULT NULL,
  `genre_id` int(10) DEFAULT NULL
) ENGINE=InnoDB DEFAULT CHARSET=utf8;

--
-- Dumping data for table `movie_genres`
--

INSERT INTO `movie_genres` (`movie_id`, `genre_id`) VALUES
(5, 35),
(5, 80),
(11, 12),
(11, 28),
(11, 878),
(12, 16),
(12, 10751),
(13, 18),
(13, 35),
(13, 10749),
(14, 18),
(16, 18),
(16, 80),
(16, 10402),
(18, 12),
(18, 14),
(18, 28),
(18, 53),
(18, 878),
(19, 18),
(19, 878),
(20, 18),
(20, 10749),
(22, 12),
(22, 14),
(22, 28),
(24, 28),
(24, 80),
(25, 18),
(25, 10752),
(28, 18),
(28, 10752),
(33, 37),
(35, 16),
(35, 35),
(35, 10751),
(38, 18),
(38, 878),
(38, 10749),
(55, 18),
(55, 53),
(58, 12),
(58, 14),
(58, 28),
(59, 18),
(59, 53),
(59, 80),
(62, 12),
(62, 878),
(62, 9648),
(65, 18),
(66, 18),
(66, 53),
(66, 80),
(68, 35),
(68, 878),
(69, 18),
(69, 10402),
(69, 10749),
(70, 18),
(71, 18),
(71, 35),
(71, 10402),
(73, 18),
(74, 12),
(74, 53),
(74, 878),
(75, 14),
(75, 35),
(75, 878),
(76, 18),
(76, 10749),
(77, 53),
(77, 9648),
(78, 18),
(78, 53),
(78, 878),
(79, 12),
(79, 18),
(79, 28),
(79, 36),
(80, 18),
(80, 10749),
(83, 18),
(83, 53),
(85, 12),
(85, 28),
(87, 12),
(87, 28),
(89, 12),
(89, 28),
(90, 28),
(90, 35),
(90, 80),
(95, 12),
(95, 28),
(95, 53),
(95, 878),
(96, 28),
(96, 35),
(96, 80),
(98, 12),
(98, 18),
(98, 28),
(100, 35),
(100, 80);

-- --------------------------------------------------------

--
-- Table structure for table `person`
--

CREATE TABLE `person` (
  `person_id` int(10) NOT NULL,
  `person_name` varchar(500) DEFAULT NULL
) ENGINE=InnoDB DEFAULT CHARSET=utf8;

--
-- Dumping data for table `person`
--

INSERT INTO `person` (`person_id`, `person_name`) VALUES
(1, 'George Lucas'),
(2, 'Mark Hamill'),
(3, 'Harrison Ford'),
(4, 'Carrie Fisher'),
(5, 'Peter Cushing'),
(6, 'Anthony Daniels'),
(7, 'Andrew Stanton'),
(8, 'Lee Unkrich'),
(9, 'Graham Walters'),
(10, 'Bob Peterson'),
(11, 'David Reynolds'),
(12, 'Alexander Gould'),
(13, 'Albert Brooks'),
(14, 'Ellen DeGeneres'),
(18, 'Brad Garrett'),
(19, 'Allison Janney'),
(20, 'Elizabeth Perkins'),
(22, 'Barry Humphries'),
(23, 'Bill Hunter'),
(24, 'Robert Zemeckis'),
(26, 'Winston Groom'),
(27, 'Eric Roth'),
(28, 'Wendy Finerman'),
(29, 'Steve Tisch'),
(30, 'Steve Starkey'),
(31, 'Tom Hanks'),
(32, 'Robin Wright'),
(33, 'Gary Sinise'),
(34, 'Mykelti Williamson'),
(35, 'Sally Field'),
(36, 'Don Burgess'),
(37, 'Alan Silvestri'),
(38, 'Arthur Schmidt'),
(39, 'Sam Mendes'),
(40, 'Orson Welles'),
(42, 'Lars von Trier'),
(47, 'Bju00f6rk'),
(48, 'Sean Bean'),
(49, 'Maria Bello'),
(50, 'Catherine Deneuve'),
(51, 'Richard Elfyn'),
(52, 'David Morse'),
(53, 'Peter Stormare'),
(54, 'Maurice Roeves'),
(56, 'Sophie Stuckey'),
(59, 'Luc Besson'),
(60, 'Patrice Ledoux'),
(61, 'Robert Mark Kamen'),
(62, 'Bruce Willis'),
(63, 'Milla Jovovich'),
(64, 'Gary Oldman'),
(65, 'Ian Holm'),
(66, 'Chris Tucker'),
(67, 'Erich Pommer'),
(68, 'Fritz Lang'),
(69, 'Gottfried Huppertz'),
(70, 'Karl Freund'),
(71, 'Gu00fcnther Rittau'),
(73, 'Alfred Abel'),
(74, 'Gustav Fru00f6hlich'),
(75, 'Brigitte Helm'),
(77, 'Rudolf Klein-Rogge'),
(78, 'Fritz Rasp'),
(79, 'Theodor Loos'),
(80, 'Erwin Biswanger'),
(81, 'Heinrich George'),
(82, 'Olaf Storm'),
(83, 'Hanns Leo Reich'),
(85, 'Johnny Depp'),
(90, 'Isabel Coixet'),
(93, 'Esther Garcu00eda'),
(96, 'Gordon McLennan'),
(97, 'Nanci Kincaid'),
(98, 'Sarah Polley'),
(99, 'Amanda Plummer'),
(100, 'Scott Speedman'),
(101, 'Leonor Watling'),
(102, 'Deborah Harry'),
(103, 'Mark Ruffalo'),
(104, 'Jean-Claude Larrieu'),
(105, 'Lisa Robison'),
(106, 'Alfonso Vilallonga'),
(108, 'Peter Jackson'),
(109, 'Elijah Wood'),
(110, 'Viggo Mortensen'),
(112, 'Cate Blanchett'),
(113, 'Christopher Lee'),
(114, 'Orlando Bloom'),
(116, 'Keira Knightley'),
(117, 'Howard Shore'),
(118, 'Geoffrey Rush'),
(120, 'Dariusz Wolski'),
(122, 'Klaus Badelt'),
(123, 'Barrie M. Osborne'),
(126, 'Fran Walsh'),
(128, 'Philippa Boyens'),
(129, 'J.R.R. Tolkien'),
(130, 'Kenny Baker'),
(131, 'Jake Gyllenhaal'),
(132, 'Scott MacDonald'),
(133, 'Peter Sarsgaard'),
(134, 'Jamie Foxx'),
(135, 'Bobby Cohen'),
(136, 'Sam Mercer'),
(138, 'Quentin Tarantino'),
(139, 'Uma Thurman'),
(140, 'Lucy Liu'),
(141, 'David Carradine'),
(142, 'William Broyles Jr.'),
(147, 'Michael Madsen'),
(148, 'Anthony Swofford'),
(149, 'Robert Richardson'),
(150, 'RZA'),
(151, 'Roger Deakins'),
(152, 'Jim Morrison'),
(153, 'Thomas Newman'),
(154, 'Walter Murch'),
(155, 'Lucas Black'),
(156, 'Sally Menke'),
(157, 'Thea von Harbou'),
(160, 'Eytan Fox'),
(162, 'Gal Uchovsky'),
(169, 'Hanns Zischler'),
(172, 'Michael Winterbottom'),
(173, 'Andrew Eaton'),
(176, 'Kieran O\'Brien'),
(177, 'Margo Stilley'),
(179, 'Marcel Zyskind'),
(185, 'Katsuhiro u014ctomo'),
(190, 'Clint Eastwood'),
(192, 'Morgan Freeman'),
(193, 'Gene Hackman'),
(194, 'Richard Harris'),
(195, 'Lennie Niehaus'),
(197, 'David Silverman'),
(198, 'Dan Castellaneta'),
(199, 'Julie Kavner'),
(200, 'Nancy Cartwright'),
(201, 'Michel Gondry'),
(202, 'Charlie Kaufman'),
(204, 'Kate Winslet'),
(205, 'Kirsten Dunst'),
(206, 'Jim Carrey'),
(207, 'Tom Wilkinson'),
(208, 'Ryan Whitney'),
(209, 'Jane Adams'),
(210, 'Amir Ali Said'),
(211, 'Debbon Ayer'),
(212, 'David Cross'),
(213, 'Gerry Robert Byrne'),
(214, 'Brian Price'),
(216, 'Josh Flitter'),
(217, 'Paul Litowsky'),
(220, 'Lola Daehler'),
(221, 'Lauren Adler'),
(222, 'Pierre Bismuth'),
(223, 'Alejandro Gonzu00e1lez Iu00f1u00e1rritu'),
(224, 'David Cronenberg'),
(225, 'Ashton Holmes'),
(226, 'Heidi Hayes'),
(227, 'William Hurt'),
(228, 'Ed Harris'),
(229, 'Peter MacNeill'),
(230, 'Stephen McHattie'),
(231, 'Greg Bryk'),
(232, 'Kyle Schmid'),
(233, 'Sumela Kay'),
(234, 'Gerry Quigley'),
(235, 'Deborah Drakeford'),
(236, 'Bill MacDonald'),
(237, 'Aidan Devine'),
(239, 'Jon Vitti'),
(240, 'Stanley Kubrick'),
(241, 'Arthur C. Clarke'),
(243, 'Geoffrey Unsworth'),
(244, 'Ray Lovejoy'),
(245, 'Keir Dullea'),
(246, 'Gary Lockwood'),
(247, 'William Sylvester'),
(248, 'Daniel Richter'),
(249, 'Leonard Rossiter'),
(250, 'Margaret Tyzack'),
(251, 'Robert Beatty'),
(252, 'Sean Sullivan'),
(253, 'Douglas Rain'),
(254, 'H.L. Bird'),
(255, 'Winston Ryder'),
(257, 'Victor Lyndon'),
(258, 'Gael Garcu00eda Bernal'),
(259, 'Vanessa Bauche'),
(260, 'Marco Pu00e9rez'),
(261, 'Goya Toledo'),
(262, 'Alvaro Guerrero'),
(263, 'Emilio Echevarru00eda'),
(264, 'Jorge Salinas'),
(265, 'Rodrigo Murray'),
(266, 'Humberto Busto'),
(267, 'Gerardo Campbell'),
(268, 'Rosa Maru00eda Bianchi'),
(269, 'Dunia Saldu00edvar'),
(270, 'Adriana Barraza'),
(271, 'Josu00e9 Sefami'),
(272, 'Lourdes Echevarru00eda'),
(273, 'Guillermo Arriaga'),
(275, 'Rodrigo Prieto'),
(276, 'Luis Carballar'),
(277, 'Fernando Pu00e9rez Unda'),
(278, 'Gustavo Santaolalla'),
(279, 'Antonio Vega'),
(280, 'Terry Gilliam'),
(282, 'Charles Roven'),
(283, 'Robert Cavallo'),
(284, 'Gary Levinsohn'),
(286, 'Lloyd Phillips'),
(287, 'Brad Pitt'),
(288, 'Jon Seda'),
(289, 'Madeleine Stowe'),
(290, 'Christopher Plummer'),
(291, 'Frank Gorshin'),
(293, 'Roger Pratt'),
(294, 'Mick Audsley'),
(296, 'Robin Clarke'),
(297, 'Jay Meagher'),
(298, 'Chris Bender'),
(305, 'Josh Olson'),
(306, 'John Wagner'),
(307, 'Peter Suschitzky'),
(309, 'Pedro Almodu00f3var'),
(310, 'Ronald Sanders'),
(312, 'Jon Brion'),
(313, 'Ellen Kuras'),
(321, 'Anthony Bregman'),
(322, 'Steve Golin'),
(323, 'Curtis Hanson'),
(324, 'Scott Silver'),
(325, 'Eminem'),
(326, 'Kim Basinger'),
(327, 'Mekhi Phifer'),
(328, 'Brittany Murphy'),
(329, 'Carol Fenelon'),
(330, 'Jay Rabinowitz'),
(331, 'Craig Kitson'),
(333, 'Evan Jones'),
(334, 'Omar Benson Miller'),
(335, 'Michael Shannon'),
(336, 'Xzibit'),
(339, 'Brian Grazer'),
(340, 'Jimmy Iovine'),
(341, 'De\'Angelo Wilson'),
(342, 'Eugene Byrd'),
(343, 'Taryn Manning'),
(344, 'Larry Hudson'),
(346, 'Mike Bell'),
(347, 'Tom Rooker'),
(348, 'William Goldman'),
(349, 'Scott Glenn'),
(350, 'Laura Linney'),
(351, 'Judy Davis'),
(352, 'Dennis Haysbert'),
(355, 'David Baldacci'),
(356, 'Jack Green'),
(366, 'James Mangold'),
(368, 'Reese Witherspoon'),
(369, 'Henry Bumstead'),
(370, 'Jack G. Taylor Jr.'),
(371, 'Bill Coe'),
(372, 'Tom Stoppard'),
(373, 'Doug Jackson'),
(374, 'Charles McKeown'),
(375, 'Bub Asman'),
(376, 'Arnon Milchan'),
(377, 'Patrick Cassavetti'),
(378, 'Jonathan Pryce'),
(379, 'Donald Harris'),
(380, 'Robert De Niro'),
(381, 'Katherine Helmond'),
(382, 'Bob Hoskins'),
(383, 'Michael Palin'),
(384, 'Joel Cox'),
(385, 'Ian Richardson'),
(386, 'Peter Vaughan'),
(387, 'Kim Greist'),
(388, 'Jim Broadbent'),
(389, 'Alison Eastwood'),
(390, 'Irene Lamb'),
(391, 'Norman Garwood'),
(393, 'Rodney Glenn'),
(394, 'Bob Doyle'),
(400, 'Geraldine Chaplin'),
(403, 'Javier Aguirresarobe'),
(404, 'Melora Hardin'),
(405, 'Alberto Iglesias'),
(407, 'Gill Dennis'),
(408, 'James Keach'),
(409, 'Cathy Konrad'),
(410, 'John Carter Cash'),
(413, 'Josu00e9 Salcedo'),
(414, 'Alan C. Blomquist'),
(417, 'Ginnifer Goodwin'),
(418, 'Robert Patrick'),
(419, 'Tyler Hilton'),
(420, 'Johnathan Rice'),
(421, 'Shooter Jennings'),
(422, 'Waylon Payne'),
(423, 'Phyllis Huffman'),
(424, 'Dallas Roberts'),
(425, 'Dan John Miller'),
(426, 'Larry Bagby'),
(427, 'Sandra Ellis Lafferty'),
(428, 'Dan Beene'),
(429, 'Lucas Till'),
(430, 'Hailey Anne Nelson'),
(431, 'Victoria Hester'),
(432, 'Phedon Papamichael'),
(433, 'Michael McCusker'),
(434, 'Lisa Beach'),
(436, 'Sarah Katzman'),
(437, 'David J. Bomba'),
(448, 'Hilary Swank'),
(449, 'Jay Baruchel'),
(450, 'Mike Colter'),
(451, 'Lucia Rijker'),
(452, 'Margo Martindale'),
(453, 'Riki Lindhome'),
(454, 'Michael Peu00f1a'),
(455, 'Paul Haggis'),
(457, 'Albert S. Ruddy'),
(459, 'David Potaux-Razel'),
(460, 'Tom Stern'),
(461, 'Deborah Hopper'),
(462, 'Greg Brenman'),
(463, 'Jonathan Finn'),
(464, 'Charles Brand'),
(465, 'Tessa Ross'),
(466, 'David M. Thompson'),
(467, 'Natascha Wharton'),
(468, 'Stephen Daldry'),
(469, 'Stephen Warbeck'),
(470, 'Lee Hall'),
(471, 'Maria Djurkovic'),
(472, 'Mark Holding'),
(473, 'Brian Tufano'),
(474, 'Jina Jay'),
(476, 'John Wilson'),
(477, 'Julie Walters'),
(478, 'Jamie Bell'),
(479, 'Jamie Draven'),
(480, 'Gary Lewis'),
(481, 'Jean Heywood'),
(482, 'Stuart Wells'),
(483, 'Nicola Blackwell'),
(486, 'Wallace Wolodarsky'),
(487, 'Janine Birkett'),
(488, 'Steven Spielberg'),
(489, 'Kathleen Kennedy'),
(490, 'Colin Wilson'),
(491, 'John Williams'),
(492, 'Janusz Kamiu0144ski'),
(493, 'Michael Kahn'),
(494, 'Terri Taylor'),
(495, 'Debra Zane'),
(496, 'Rick Carter'),
(497, 'Doug J. Meerdink'),
(498, 'Joanna Johnston'),
(499, 'Cari Finken'),
(500, 'Tom Cruise');

-- --------------------------------------------------------

--
-- Table structure for table `tokens`
--

CREATE TABLE `tokens` (
  `id` int(11) NOT NULL,
  `user` int(11) NOT NULL,
  `value` varchar(255) NOT NULL,
  `created_at` timestamp NOT NULL DEFAULT current_timestamp(),
  `updated_at` timestamp NOT NULL DEFAULT current_timestamp()
) ENGINE=InnoDB DEFAULT CHARSET=latin1;

-- --------------------------------------------------------

--
-- Table structure for table `users`
--

CREATE TABLE `users` (
  `id` int(11) NOT NULL,
  `name` varchar(20) NOT NULL,
  `email` varchar(30) NOT NULL,
  `username` varchar(20) NOT NULL,
  `password` varchar(255) NOT NULL,
  `role` smallint(6) DEFAULT 2,
  `created_at` timestamp NULL DEFAULT current_timestamp(),
  `updated_at` timestamp NULL DEFAULT current_timestamp()
) ENGINE=InnoDB DEFAULT CHARSET=latin1;

--
-- Indexes for dumped tables
--

--
-- Indexes for table `genre`
--
ALTER TABLE `genre`
  ADD PRIMARY KEY (`genre_id`);

--
-- Indexes for table `movie`
--
ALTER TABLE `movie`
  ADD PRIMARY KEY (`movie_id`);

--
-- Indexes for table `movie_cast`
--
ALTER TABLE `movie_cast`
  ADD KEY `fk_mca_movie` (`movie_id`),
  ADD KEY `fk_mca_per` (`person_id`);

--
-- Indexes for table `movie_crew`
--
ALTER TABLE `movie_crew`
  ADD KEY `fk_mcr_movie` (`movie_id`),
  ADD KEY `fk_mcr_per` (`person_id`);

--
-- Indexes for table `movie_genres`
--
ALTER TABLE `movie_genres`
  ADD KEY `fk_mg_movie` (`movie_id`),
  ADD KEY `fk_mg_genre` (`genre_id`);

--
-- Indexes for table `person`
--
ALTER TABLE `person`
  ADD PRIMARY KEY (`person_id`);

--
-- Indexes for table `tokens`
--
ALTER TABLE `tokens`
  ADD PRIMARY KEY (`id`),
  ADD KEY `user` (`user`);

--
-- Indexes for table `users`
--
ALTER TABLE `users`
  ADD PRIMARY KEY (`id`),
  ADD UNIQUE KEY `users_username_uindex` (`username`);

--
-- AUTO_INCREMENT for dumped tables
--

--
-- AUTO_INCREMENT for table `movie`
--
ALTER TABLE `movie`
  MODIFY `movie_id` int(10) NOT NULL AUTO_INCREMENT, AUTO_INCREMENT=459489;

--
-- AUTO_INCREMENT for table `tokens`
--
ALTER TABLE `tokens`
  MODIFY `id` int(11) NOT NULL AUTO_INCREMENT, AUTO_INCREMENT=8;

--
-- AUTO_INCREMENT for table `users`
--
ALTER TABLE `users`
  MODIFY `id` int(11) NOT NULL AUTO_INCREMENT, AUTO_INCREMENT=10001;

--
-- Constraints for dumped tables
--

--
-- Constraints for table `movie_cast`
--
ALTER TABLE `movie_cast`
  ADD CONSTRAINT `fk_mca_movie` FOREIGN KEY (`movie_id`) REFERENCES `movie` (`movie_id`) ON DELETE CASCADE ON UPDATE CASCADE,
  ADD CONSTRAINT `fk_mca_per` FOREIGN KEY (`person_id`) REFERENCES `person` (`person_id`) ON DELETE CASCADE ON UPDATE CASCADE;

--
-- Constraints for table `movie_crew`
--
ALTER TABLE `movie_crew`
  ADD CONSTRAINT `fk_mcr_movie` FOREIGN KEY (`movie_id`) REFERENCES `movie` (`movie_id`) ON DELETE CASCADE ON UPDATE CASCADE,
  ADD CONSTRAINT `fk_mcr_per` FOREIGN KEY (`person_id`) REFERENCES `person` (`person_id`) ON DELETE CASCADE ON UPDATE CASCADE;

--
-- Constraints for table `movie_genres`
--
ALTER TABLE `movie_genres`
  ADD CONSTRAINT `fk_mg_genre` FOREIGN KEY (`genre_id`) REFERENCES `genre` (`genre_id`) ON DELETE CASCADE ON UPDATE CASCADE,
  ADD CONSTRAINT `fk_mg_movie` FOREIGN KEY (`movie_id`) REFERENCES `movie` (`movie_id`) ON DELETE CASCADE ON UPDATE CASCADE;

--
-- Constraints for table `tokens`
--
ALTER TABLE `tokens`
  ADD CONSTRAINT `tokens_ibfk_1` FOREIGN KEY (`user`) REFERENCES `users` (`id`) ON DELETE CASCADE ON UPDATE CASCADE;
COMMIT;

/*!40101 SET CHARACTER_SET_CLIENT=@OLD_CHARACTER_SET_CLIENT */;
/*!40101 SET CHARACTER_SET_RESULTS=@OLD_CHARACTER_SET_RESULTS */;
/*!40101 SET COLLATION_CONNECTION=@OLD_COLLATION_CONNECTION */;
